Workbook

Sheet 全部
A1: 序号 | B1: 三方商城 | C1: 姓名 | D1: 岗位 | E1: 在三方平台的系统账号 | F1: 权限 | G1: OA员工编号 | H1: OA名字 | I1: OA部门 | J1: 注销/保留 | K1: “保留”部门备注 | L1: “保留”账号用途备注 | M1: 账号权限调整（如有） | N1: 注销原因备注
A2: 1 | B2: 京东自营 | C2: 张婷 | D2: 电商运营经理 | E2: 自营：txcq416 代运营-存储：lenovocunchu168 代运营-耳机：lenovo_耳机 POP：来酷官方旗舰店 京喜：lkjx1 | F2: 全部 | G2: 00000164 | H2: 张婷 | I2: =VLOOKUP(G2,[1]人员编码!$A:$D,4,) -> 线上销售/京东业务(C03003) | J2: 保留
A3: 2 | B3: 京东自营 | C3: 段亚鹏 | D3: 电商运营主管 | E3: 自营：txcq416 代运营-存储：lenovocunchu168 代运营-耳机：lenovo_耳机 | F3: 全部 | G3: 00001037 | H3: 段亚鹏 | I3: =VLOOKUP(G3,[1]人员编码!$A:$D,4,) -> 线上销售/京东业务(C03003) | J3: 保留
A4: 4 | B4: 京东自营 | C4: 王欢 | D4: 电商运营主管 | E4: POP：来酷官方旗舰店 | F4: 全部 | G4: 00001788 | H4: 王欢 | I4: =VLOOKUP(G4,[1]人员编码!$A:$D,4,) -> 线下销售/授权业务(C07006) | J4: 保留
A5: 5 | B5: 京东自营 | C5: 郭鹏飞 | D5: 设计主管 | E5: POP：guopengfei6 京喜：lianxiangLK2023 | F5: 店铺装修 | G5: 00000481 | H5: 郭鹏飞 | I5: =VLOOKUP(G5,[1]人员编码!$A:$D,4,) -> 线上销售/电商营销(C03011) | J5: 保留
A6: 6 | B6: 来酷官网 | C6: 王玉茹 | D6: 商务支持 | E6: 微盟：15871483431 | F6: 运营 | G6: 00001642 | H6: 王玉茹 | I6: =VLOOKUP(G6,[1]人员编码!$A:$D,4,) -> 线上销售/天猫及抖快业务(C03007) | J6: 保留
A7: 7 | B7: 来酷官网 | C7: 史吉星 | D7: 运营 | E7: 微盟：15692252563 | F7: 运营 | G7: 00001434 | H7: 史吉星 | I7: =VLOOKUP(G7,[1]人员编码!$A:$D,4,) -> 线下销售/店面营销及OMO运营(C07372) | J7: 保留
A8: 8 | B8: 来酷官网 | C8: 刘森洋 | D8: 运营 | E8: 微盟：13718658710 | F8: 运营 | G8: 00001198 | H8: 刘森洋 | I8: =VLOOKUP(G8,[1]人员编码!$A:$D,4,) -> 线上销售/天猫及抖快业务(C03007) | J8: 保留
A9: 9 | B9: 来酷官网 | C9: 檀晓明 | D9: 设计 | E9: 微盟：18210067297 | F9: 运营 | G9: 00001159 | H9: 檀晓明 | I9: =VLOOKUP(G9,[1]人员编码!$A:$D,4,) -> 线上销售/电商营销(C03011) | J9: 保留
A10: 10 | B10: 来酷官网 | C10: 朱默迪 | D10: 运营 | E10: 微盟：15201667705 | F10: 运营 | G10: 00001739 | H10: 朱默迪 | I10: =VLOOKUP(G10,[1]人员编码!$A:$D,4,) -> 线下销售/店面营销及OMO运营(C07372) | J10: 保留
A11: 11 | B11: 来酷官网 | C11: 杨玮 | D11: 运营 | E11: 微盟：17608891779 | F11: 运营 | G11: 00001920 | H11: 杨玮 | I11: =VLOOKUP(G11,[1]人员编码!$A:$D,4,) -> 线上销售/天猫及抖快业务(C03007) | J11: 保留
A12: 12 | B12: 来酷官网 | C12: 陈岩 | D12: 运营 | E12: 微盟：微盟：15910818443 | F12: 运营 | G12: 00001288 | H12: 陈岩 | I12: =VLOOKUP(G12,[1]人员编码!$A:$D,4,) -> 线上销售/天猫及抖快业务(C03007) | J12: 保留
A13: 13 | B13: 抖音 | C13: 杨玮 | D13: 店铺运营 | E13: 抖音：来酷数码专营店 火山引擎：来酷内容矩阵管理平台 巨量千川：营销投放 17601284727 | F13: 全部 | G13: 00001920 | H13: 杨玮 | I13: =VLOOKUP(G13,[1]人员编码!$A:$D,4,) -> 线上销售/天猫及抖快业务(C03007) | J13: 保留
... A30: 32 | B30: 抖音小时达 | C30: 焦梦瑶 | D30: 运营 | E30: 主账号 | F30: 产品销售、库存管理、营销活动等店铺内权限 | G30: 00000175 | H30: 焦梦瑶 | I30: =VLOOKUP(G30,[1]人员编码!$A:$D,4,) -> 线下销售/店面营销及OMO运营(C07372) | J30: 保留
